kod adı,ad,kapak,fiyat,marka,alan,kategori
F01,2025 KPSS Coğrafya Tamamı Çözümlü Soru Bankası HocaWebde Yayınları,https://cdn.dsmcdn.com/mnresize/420/620/ty1687/prod/QC_PREP/20250529/17/b0831099-be4b-3156-a10f-29e6a9e54e7f/1_org_zoom.jpg,"119,99 ₺",HocaWebde,Coğrafya,Soru Bankası
F02 .,2025 MEB AGS KPSS Coğrafya Amiral Soru Bankası Tamamı Çözümlü Eğit Akademi,https://www.google.com/search?tbm=isch&q=F02+.+kitap+kapa%C4%9F%C4%B1,"77,24 ₺",Eğit Akademi,Coğrafya,Soru Bankası
F03,2026 MEB AGS KPSS Haritalarla Atak Coğrafya Soru Bankası Eğit Akademi,https://encrypted-tbn0.gstatic.com/images?q=tbn:ANd9GcQDaSaiYs957jawd5nU570QMM3Xp-SfZdUC2g&s,"68,31 ₺",Eğit Akademi,Coğrafya,Soru Bankası
F04,2026 MEB AGS KPSS Mehmet Eğit Haritalar ve Hafıza Teknikleriyle Coğrafya Eğit Akademi,https://www.sadecekitap.com/images/urunler/egit-akademi-mehmet-egit-2026-meb-ags-kpss-haritalar-ve-hafiza-teknikleriyle-cografya-264003-1.jpg,"63,63 ₺",Eğit Akademi,Coğrafya,Ders Notu
F05.,2026 MEB-AGS Türkiye Coğrafyası Soru Bankası Çözümlü Benim Hocam Yayınları,https://www.google.com/search?tbm=isch&q=F05.+kitap+kapa%C4%9F%C4%B1,"78,45 ₺",Benim Hocam Yayınları,Coğrafya,Soru Bankası
F06,2025 Tüm Adaylar İçin Haritalarla Coğrafya Benim Hocam Yayınları,https://cdn.dsmcdn.com/mnresize/420/620/ty1635/prod/QC/20250211/23/fe75a9b4-c8fd-3b87-a755-a71382584528/1_org_zoom.jpg,"48,36 ₺",Benim Hocam Yayınları,Coğrafya,Diğer
F07,2026 KPSS Coğrafya 33 Deneme Çözümlü Engin Eraydın Yargı Yayınları,https://cdn.kitapsec.com/image/urun/2025/07/24/1753359871.jpg,"50,80 ₺",Yargı Yayınları,Coğrafya,Deneme
F08,2026 KPSS Coğrafya Atölye Soru Bankası Çözümlü - Hakan Topcan Yediiklim Yayınları,https://www.google.com/search?tbm=isch&q=F08+kitap+kapa%C4%9F%C4%B1,"54,14 ₺",Yediiklim Yayınları,Coğrafya,Soru Bankası
F09,2026 KPSS Coğrafya Ders Notları Benim Hocam Yayınları,https://cdn.kitapsec.com/image/urun/2025/08/15/1755256976.jpg,"55,00 ₺",Benim Hocam Yayınları,Coğrafya,Ders Notu
F10.,2026 KPSS Coğrafya Pusulası Harita Destekli Soru Bankası CBA Yayınları,https://www.google.com/search?tbm=isch&q=F10.+kitap+kapa%C4%9F%C4%B1,"97,48 ₺",CBA Yayınları,Coğrafya,Soru Bankası
F11,2026 KPSS Coğrafya Soru Bankası Çözümlü Engin Eraydın Yargı Yayınları,https://encrypted-tbn0.gstatic.com/images?q=tbn:ANd9GcSF2JJjP9cCalvz21ESY4IsE3V4z3aLwX85yg&s,"120,64 ₺",Yargı Yayınları,Coğrafya,Soru Bankası
F12,2026 KPSS Coğrafya Tamamı Çözümlü Soru Bankası Benim Hocam Yayınları,https://encrypted-tbn0.gstatic.com/images?q=tbn:ANd9GcQwG9GYAffG-uOYaWPGha5RzH2fURTkf32F2Q&s,"78,00 ₺",Benim Hocam Yayınları,Coğrafya,Soru Bankası
F13,2026 KPSS Genel Kültür Coğrafya Video Ders Notları (Engin Eraydın) Yargı Yayınları,https://encrypted-tbn0.gstatic.com/images?q=tbn:ANd9GcRnzWYW_HkN3nSXEmJ539WIXkKnLHQdNgV8zw&s,"85,36 ₺",Yargı Yayınları,Coğrafya,Video Ders Notu
F14,2026 KPSS Genel Yetenek Genel Kültür Ezberbozan Coğrafya Tamamı Video Çözümlü Soru Bankası Pegem Akademi Yayıncılık,https://cdn.dsmcdn.com/mnresize/420/620/ty1728/prod/QC_ENRICHMENT/20250820/00/1388f367-22b9-387d-a1e1-83c6a7007243/1_org.jpg,"49,04 ₺",Pegem Akademi,Coğrafya,Soru Bankası
F15.,2026 KPSS Lise Ortaöğretim Ön Lisans Soru Bankası Çözümlü Modüler COĞRAFYA Yediiklim Yayınları,https://www.google.com/search?tbm=isch&q=F15.+kitap+kapa%C4%9F%C4%B1,"46,07 ₺",Yediiklim Yayınları,Coğrafya,Soru Bankası
F16,2024 KPSS Ortaöğretim-Önlisans Coğrafya Konularına Göre Çıkmış Sorular(2024 soruları dahil) Yediiklim Yayınları,https://img.kitapyurdu.com/v1/getImage/fn:11755179/wi:800/wh:f10c2756a,"32,07 ₺",Yediiklim Yayınları,Coğrafya,Çıkmış Sorular
F17.,2026 KPSS Tüm Adaylar İçin Coğrafya 30 Deneme Tamamı Çözümlü Pegem Yayınları,https://www.google.com/search?tbm=isch&q=F17.+kitap+kapa%C4%9F%C4%B1,"28,65 ₺",Pegem Akademi,Coğrafya,Deneme
F18.,2026 KPSS-AGS Coğrafya Tamamı Video Çözümlü Soru Dünyası Yediiklim Yayınları,https://www.google.com/search?tbm=isch&q=F18.+kitap+kapa%C4%9F%C4%B1,"52,79 ₺",Yediiklim Yayınları,Coğrafya,Diğer
F19.,2026 MEB AGS KPSS Coğrafya Amiral Soru Bankası Tamamı Çözümlü Eğit Akademi,https://www.google.com/search?tbm=isch&q=F19.+kitap+kapa%C4%9F%C4%B1,"83,20 ₺",Eğit Akademi,Coğrafya,Soru Bankası
F20,2026 MEB AGS KPSS Coğrafya Video Ders Notları Mehmet Eğit,https://cdn.kitapsec.com/image/urun/2025/07/22/111753166155.jpg,"59,72 ₺",Eğit Akademi,Coğrafya,Video Ders Notu
F21,2026 MEB AGS KPSS Haritalarla Atak Coğrafya Soru Bankası Eğit Akademi,https://cdn.kitapsec.com/image/urun/2025/07/29/111753772989.jpg,"71,23 ₺",Eğit Akademi,Coğrafya,Soru Bankası
F22,2026 MEB AGS KPSS Mehmet Eğit Haritalar ve Hafıza Teknikleriyle Coğrafya Eğit Akademi,https://www.sadecekitap.com/images/urunler/egit-akademi-mehmet-egit-2026-meb-ags-kpss-haritalar-ve-hafiza-teknikleriyle-cografya-264003-1.jpg,"65,58 ₺",Eğit Akademi,Coğrafya,Ders Notu
F23.,2026 MEB-AGS Tamamı Çözümlü Coğrafya Soru Bankası (Engin Eraydın) Yargı Yayınları,https://www.google.com/search?tbm=isch&q=F23.+kitap+kapa%C4%9F%C4%B1,"68,00 ₺",Yargı Yayınları,Coğrafya,Soru Bankası
F24,2026 Tüm Adaylar İçin Haritalarla Coğrafya Konu Anlatımı Benim Hocam Yayınları,https://cdn.kitapsec.com/image/urun/2025/01/25/fgdgdgdfg1737798255.jpg,"50,99 ₺",Benim Hocam Yayınları,Coğrafya,Konu Anlatım
F25,2026 Tüm Sınavlar İçin Haritalarla Coğrafya Grafiklerle ve Fotoğraflarla 400 Haritalı Soru Yargı Yayınları,https://www.kitapisler.com/images_buyuk/f45/yargi-yayinlari-2026-tum-sinavla_MTAyMTQ1MTk1Nw==_1.jpg,"55,20 ₺",Yargı Yayınları,Coğrafya,Ders Notu
F26.,Benim Hocam Yayınları 2025 KPSS Coğrafya Tamamı Çözümlü Soru Bankası,https://www.google.com/search?tbm=isch&q=F26.+kitap+kapa%C4%9F%C4%B1,"76,49 ₺",Benim Hocam Yayınları,Coğrafya,Soru Bankası
F27.,Benim Hocam Yayınları 2025 KPSS Coğrafya Video Ders Notları,https://www.google.com/search?tbm=isch&q=F27.+kitap+kapa%C4%9F%C4%B1,"53,48 ₺",Benim Hocam Yayınları,Coğrafya,Video Ders Notu
F28.,COĞRAFYA 2026 KPSS Genel Yetenek Genel Kültür Soru Bankası Modüler Çözümlü Pegem Akademi Yayınları,https://www.google.com/search?tbm=isch&q=F28.+kitap+kapa%C4%9F%C4%B1,"52,79 ₺",Pegem Akademi,Coğrafya,Soru Bankası
F29.,COĞRAFYA 2026 KPSS Lise Ön Lisans GK-GY Tüm Dersler Tamamı Çözümlü Modüler Soru Bankası Yargı Yayınları,https://www.google.com/search?tbm=isch&q=F29.+kitap+kapa%C4%9F%C4%B1,"53,54 ₺",Yargı Yayınları,Coğrafya,Soru Bankası
F30,Coğrafyanın Kodları 2026 KPSS-AGS 35 Günde Haritalarla Kodlamalarla Coğrafya Video Ders Kitabı Edu Kariyer,https://encrypted-tbn0.gstatic.com/images?q=tbn:ANd9GcSQn3MfhxyShf7kVRbHIq2fEp7wrbHijQj3Uw&s,"75,89 ₺",Edu Kariyer,Coğrafya,Video Ders Notu
F31.,Coğrafyanın Kodları 2026 KPSS-AGS Coğrafya Video Çözümlü Soru Bankası Edu Kariyer,https://encrypted-tbn0.gstatic.com/images?q=tbn:ANd9GcQo2s0inVXPW1VoWJ-7rWyTwBj0oRTAUQd9dg&s,"65,57 ₺",Edu Kariyer,Coğrafya,Soru Bankası
F32,Ön Lisans KPSS Coğrafya Tamamı Çözümlü Soru Bankası Pegem Akademi,https://www.google.com/search?tbm=isch&q=F32+kitap+kapa%C4%9F%C4%B1,"63,41 ₺",Pegem Akademi,Coğrafya,Soru Bankası
F33,2025 MEB AGS Tamamı Çözümlü 10 Deneme Pegem Akademi,https://encrypted-tbn0.gstatic.com/images?q=tbn:ANd9GcRv3az4t1HONp-Zs6sf3leKibToLHll9jsvAA&s,"47,70 ₺",Pegem Akademi,Diğer,Deneme
F34.,2025 MEB-AGS Tüm Dersler 7 DenemeX Çözümlü İndeks Akademi Yayıncılık,https://www.google.com/search?tbm=isch&q=F34.+kitap+kapa%C4%9F%C4%B1,"50,88 ₺",İndeks Akademi,Diğer,Deneme
F35.,2026 KPSS GKGY Lise Ön Lisans Tüm Dersler Fasikül Fasikül Tamamı Çözümlü 10 Deneme Yargı Yayınları,https://www.google.com/search?tbm=isch&q=F35.+kitap+kapa%C4%9F%C4%B1,"61,03 ₺",Yargı Yayınları,Diğer,Deneme
F36.,2026 KPSS Genel Yetenek Genel Kültür Tamamı Çözümlü 10 Deneme Pegem Akademi Yayıncılık,https://www.google.com/search?tbm=isch&q=F36.+kitap+kapa%C4%9F%C4%B1,"60,62 ₺",Pegem Akademi,GK-GY,Deneme
F37.,2026 KPSS Genel Yetenek Genel Kültür Tamamı Çözümlü 5 Deneme Pegem Akademi Yayıncılık,https://www.google.com/search?tbm=isch&q=F37.+kitap+kapa%C4%9F%C4%B1,"30,62 ₺",Pegem Akademi,GK-GY,Deneme
F38.,2026 KPSS Genel Yetenek-Genel Kültür Fasikül Fasikül 7 Deneme Sınavı Tamamı Çözümlü Yediiklim Yayınları,https://www.google.com/search?tbm=isch&q=F38.+kitap+kapa%C4%9F%C4%B1,"79,51 ₺",Yediiklim Yayınları,GK-GY,Deneme
F39,2026 KPSS Lise Ortaöğretim Ön Lisans ÖSYM Ne Sorar 8 Deneme Fasikül Çözümlü Yediiklim Yayınları,https://encrypted-tbn0.gstatic.com/images?q=tbn:ANd9GcRcUHnTHItzqYj3LPfSv0eKNpG12q-WsmFxHw&s,"94,16 ₺",Yediiklim Yayınları,Diğer,Deneme
F40.,2026 KPSS Tüm Adaylar İçin Tamamı Çözümlü Dev Kadrodan Kazandıran 5 Deneme Yargı Yayınları,https://www.google.com/search?tbm=isch&q=F40.+kitap+kapa%C4%9F%C4%B1,"71,67 ₺",Yargı Yayınları,Diğer,Deneme
F41.,2025 Eğitimin Temelleri ve Türk Milli Eğitim Sistemi Tamamı Çözümlü Soru Bankası Benim Hocam Yayınları,https://www.google.com/search?tbm=isch&q=F41.+kitap+kapa%C4%9F%C4%B1,"76,34 ₺",Benim Hocam Yayınları,Eğitim Bilimleri,Soru Bankası
F42.,2025 MEB AGS Ahenk Serisi Eğitimin Temelleri Eğitimle İlgili Temel Kavramlar ve Kuramlar Tamamı Çözümlü Soru Bankası Yediiklim Yayınları,https://www.google.com/search?tbm=isch&q=F42.+kitap+kapa%C4%9F%C4%B1,"36,71 ₺",Yediiklim Yayınları,Diğer,Soru Bankası
F43,2025 MEB AGS Akademisi Eğitimin Temelleri ve Türk Milli Eğitim Sistemi Video Ders Notları İndeks Akademi Yayıncılık,https://www.google.com/search?tbm=isch&q=F43+kitap+kapa%C4%9F%C4%B1,"67,46 ₺",İndeks Akademi,Eğitim Bilimleri,Video Ders Notu
F44,2025 MEB AGS Algoritması Eğitimin Temelleri ve Türk Milli Eğitim Sistemi Soru Bankası Çözümlü İndeks Akademi Yayıncılık,https://www.google.com/search?tbm=isch&q=F44+kitap+kapa%C4%9F%C4%B1,"77,01 ₺",İndeks Akademi,Eğitim Bilimleri,Soru Bankası
F45,2026 KPSS Genel Yetenek Genel Kültür Ezberbozan 3000 Tamamı Video Çözümlü Soru Bankası Pegem Akademi Yayıncılık,https://www.google.com/search?tbm=isch&q=F45+kitap+kapa%C4%9F%C4%B1,"156,28 ₺",Pegem Akademi,GK-GY,Soru Bankası
F46,2026 KPSS Ön Lisans GK GY Orijinal 2010 2024 Konu Konu Çıkmış Sorular Yargı Yayınları,https://www.google.com/search?tbm=isch&q=F46+kitap+kapa%C4%9F%C4%B1,"125,35 ₺",Yargı Yayınları,GK-GY,Çıkmış Sorular
F47,2025 KPSS MEB AGS ALES DGS Sözel Sayısal Mantık Konu Özetli Soru Bankası İndeks Akademi,https://www.google.com/search?tbm=isch&q=F47+kitap+kapa%C4%9F%C4%B1,"36,88 ₺",İndeks Akademi,Diğer,Soru Bankası
F48,2025 TYT-KPSS-DGS-ALES 10 Günde Temel Atma Garanti Problemler Video Ders Kitabı Paraf Yayınları (Selim Yüksel Bıyıklı Matematik),https://fotokopial.com/urun-resim/urun/b-071fdb73c1.jpg,"52,55 ₺",Paraf Yayınları,Matematik,Video Ders Notu
F49.,2026 KPSS Genel Yetenek Matematik Soru Dünyası Yediiklim Yayınları,https://www.google.com/search?tbm=isch&q=F49.+kitap+kapa%C4%9F%C4%B1,"65,37 ₺",Yediiklim Yayınları,Matematik,Diğer
F50,2026 KPSS Genel Yetenek Tamamı Çözümlü Matematik 22 Deneme (İlyas Güneş) Yargı Yayınları,https://encrypted-tbn0.gstatic.com/images?q=tbn:ANd9GcQ0Qnwm9eN33lCGrFWyrRhqQ7XQ_yN5dlv0Dw&s,"78,59 ₺",Yargı Yayınları,Matematik,Deneme
F51.,2026 KPSS Lise Ortaöğretim Ön Lisans Matematik Matematiğin Pusulası Soru Bankası Çözümlü - Burak Almasulu CBA Yayınları,https://www.google.com/search?tbm=isch&q=F51.+kitap+kapa%C4%9F%C4%B1,"49,94 ₺",CBA Yayınları,Matematik,Soru Bankası
F52.,2026 KPSS Lise Ortaöğretim Ön Lisans Soru Bankası Çözümlü Modüler MATEMATİK Yediiklim Yayınları,https://www.google.com/search?tbm=isch&q=F52.+kitap+kapa%C4%9F%C4%B1,"104,36 ₺",Yediiklim Yayınları,Diğer,Soru Bankası
F53,2026 KPSS Matematik Atölye Soru Bankası Çözümlü Yediiklim Yayınları,https://cdn.kitapsec.com/image/urun/2025/06/23/1750661365.jpg,"85,13 ₺",Yediiklim Yayınları,Matematik,Soru Bankası
F54,2026 KPSS Matematik Atölye Video Ders Notları Mehmet Bilge Yıldız Yediiklim Yayınları,https://encrypted-tbn0.gstatic.com/images?q=tbn:ANd9GcQ5XeZ_NfvtitMwrXHeb7FJbtEVdEvBE8oWKg&s,"84,40 ₺",Yediiklim Yayınları,Matematik,Video Ders Notu
F55,2026 KPSS Matematik Ezberbozan Soru Bankası Çözümlü Pegem Akademi Yayınları,https://encrypted-tbn0.gstatic.com/images?q=tbn:ANd9GcTLCtfli7BPeLnZB7RnGxpgO2uskgcqNzghww&s,"142,30 ₺",Pegem Akademi,Matematik,Soru Bankası
F56,2026 KPSS Matematik Konu Anlatımı Benim Hocam Yayınları,https://cdn.dsmcdn.com/ty1744/product/media/images/prod/PIM/20250916/06/a0a2b867-f56f-48af-aa0f-b33a6653e666/1_org_zoom.jpg,"119,96 ₺",Benim Hocam Yayınları,Matematik,Konu Anlatım
F57,2026 KPSS Matematik Soru Bankası Çözümlü - İlyas Güneş Yargı Yayınları,https://cdn.dsmcdn.com/mnresize/420/620/ty1779/prod/QC_ENRICHMENT/20251026/00/ab4e8666-278f-3ab9-84db-88d00c36ac81/1_org_zoom.jpg,"89,88 ₺",Yargı Yayınları,Matematik,Soru Bankası
F58,2026 KPSS Matematik Tamamı Video Çözümlü Soru Bankası Benim Hocam Yayınları,https://cdn.dsmcdn.com/mnresize/420/620/ty1764/prod/QC_PREP/20251002/14/1b3af107-1d8a-3f53-9ab5-1b3fcfb6d73d/1_org_zoom.jpg,"74,04 ₺",Benim Hocam Yayınları,Matematik,Soru Bankası
F59,2026 KPSS Matematik Video Ders Notları İlyas Güneş Yargı Yayınları,https://encrypted-tbn0.gstatic.com/images?q=tbn:ANd9GcTqXjH3rr0qcQNOvWmnizXUmoJ0Q3nLN0L9mw&s,"95,61 ₺",Yargı Yayınları,Matematik,Video Ders Notu
F60.,2026 KPSS Ortaöğretim-Önlisans Matematik Konularına Göre Çıkmış Sorular(2024 soruları dahil) Yediiklim Yayınları,https://www.google.com/search?tbm=isch&q=F60.+kitap+kapa%C4%9F%C4%B1,"58,67 ₺",Yediiklim Yayınları,Matematik,Çıkmış Sorular
F61.,2026 KPSS Tüm Adaylar İçin Matematik Geometri 30 Deneme Tamamı Çözümlü Pegem Yayınları,https://www.google.com/search?tbm=isch&q=F61.+kitap+kapa%C4%9F%C4%B1,"43,74 ₺",Pegem Akademi,Matematik,Deneme
F62.,2026 Tüm Adaylar İçin Problemler Konularına Göre Düzenlenmiş Tamamı Çözümlü Çıkmış Sorular Yediiklim Yayınları,https://www.google.com/search?tbm=isch&q=F62.+kitap+kapa%C4%9F%C4%B1,"75,69 ₺",Yediiklim Yayınları,Matematik,Çıkmış Sorular
F63.,Benim Hocam Yayınları 2025 KPSS Matematik Ders Notları,https://www.google.com/search?tbm=isch&q=F63.+kitap+kapa%C4%9F%C4%B1,"89,42 ₺",Benim Hocam Yayınları,Matematik,Ders Notu
F64.,Benim Hocam Yayınları 2025 KPSS Matematik Tamamı Video Çözümlü Soru Bankası,https://www.google.com/search?tbm=isch&q=F64.+kitap+kapa%C4%9F%C4%B1,"87,63 ₺",Benim Hocam Yayınları,Matematik,Soru Bankası
F65,Bıyıklı Matematik 50 Günde DGS KPSS ALES Matematik Kampı Video Ders Kitabı,https://encrypted-tbn0.gstatic.com/images?q=tbn:ANd9GcTO5nffxxCSyaWC2iED9009PNYklVFpCs70bg&s,"68,24 ₺",Diğer,Matematik,Video Ders Notu
F66,Gamze Hoca Türkçenin Matematiği Tüm Sınavlar İçin 21 Günde Dil Bilgisi Video Ders Kitabı,https://www.google.com/search?tbm=isch&q=F66+kitap+kapa%C4%9F%C4%B1,"52,69 ₺",Diğer,Türkçe,Video Ders Notu
F67,Gamze Hoca Türkçenin Matematiği Tüm Sınavlar İçin Dil Bilgisi Soru Bankası,https://encrypted-tbn0.gstatic.com/images?q=tbn:ANd9GcQw0uWSuxHeS__eevjYxOOW2515Bn3K8TrN1g&s,"36,89 ₺",Diğer,Türkçe,Soru Bankası
F68.,Geometri Sıfır Karekök Yayınları,https://www.google.com/search?tbm=isch&q=F68.+kitap+kapa%C4%9F%C4%B1,"136,79 ₺",Karekök Yayınları,Matematik,Diğer
F69.,Gerçel Matematik DGS KPSS ALES Soru Bankası F10 Yayınları,https://www.google.com/search?tbm=isch&q=F69.+kitap+kapa%C4%9F%C4%B1,"100,07 ₺",F10 Yayınları,Matematik,Soru Bankası
F70.,KPSS AGS Matematik - Geometri Garanti KPSS Soru Bankası Paraf Yayınları,https://www.google.com/search?tbm=isch&q=F70.+kitap+kapa%C4%9F%C4%B1,"36,45 ₺",Paraf Yayınları,Matematik,Soru Bankası
F71,KPSS-ALES-DGS Yedi Adımda Temelden Zirveye Geometri Video Konu Anlatımlı Video Çözümlü Soru Bankası Yediiklim Yayınları,https://www.google.com/search?tbm=isch&q=F71+kitap+kapa%C4%9F%C4%B1,"64,59 ₺",Yediiklim Yayınları,Matematik,Konu Anlatım
F72,KPSS-ALES-DGS Yedi Adımda Temelden Zirveye Problemler ve Sayısal Mantık Video Konu Anlatımlı Video Çözümlü Soru Bankası Yediiklim Yayınları,https://www.google.com/search?tbm=isch&q=F72+kitap+kapa%C4%9F%C4%B1,"71,68 ₺",Yediiklim Yayınları,Matematik,Konu Anlatım
F73,MATEMATİK 2026 KPSS Lise Ön Lisans GK-GY Tüm Dersler Tamamı Çözümlü Modüler Soru Bankası Yargı Yayınları,https://www.google.com/search?tbm=isch&q=F73+kitap+kapa%C4%9F%C4%B1,"85,34 ₺",Yargı Yayınları,Diğer,Soru Bankası
F74,Matematik Kafadan 10 Net Soru Bankası Çözümlü İndeks Akademi,https://www.google.com/search?tbm=isch&q=F74+kitap+kapa%C4%9F%C4%B1,"57,25 ₺",İndeks Akademi,Matematik,Soru Bankası
F75,PROBLEMLER DENEMESİ 32*,https://www.google.com/search?tbm=isch&q=F75+kitap+kapa%C4%9F%C4%B1,"30,33 ₺",Diğer,Matematik,Deneme
F76,PROBLEMLERİN İLACI,https://www.google.com/search?tbm=isch&q=F76+kitap+kapa%C4%9F%C4%B1,"52,34 ₺",Diğer,Matematik,Diğer
F77,Paraf Z Takım Matematik 10 Günde Temel Atma Garanti Paraf Yayınları,https://www.google.com/search?tbm=isch&q=F77+kitap+kapa%C4%9F%C4%B1,"62,89 ₺",Paraf Yayınları,Matematik,Diğer
F78,Paraf Z Takım Matematik 10 Günde Temel Atma Garanti Paraf Yayınları,https://www.google.com/search?tbm=isch&q=F78+kitap+kapa%C4%9F%C4%B1,"66,67 ₺",Paraf Yayınları,Matematik,Diğer
F79,Problemler Soru Bankası Hız ve Renk,https://www.google.com/search?tbm=isch&q=F79+kitap+kapa%C4%9F%C4%B1,"55,63 ₺",Hız ve Renk,Matematik,Soru Bankası
F80,Problemlerin İlacı Tamamı Çözümlü Testler,https://www.google.com/search?tbm=isch&q=F80+kitap+kapa%C4%9F%C4%B1,"52,65 ₺",Diğer,Matematik,Diğer
F81,TYT AYT KPSS Tüm Adaylar İçin Taktiklerle Problemler Konu Anlatımlı Soru Bankası Çözümlü - İlyas Güneş Yargı Yayınları,https://www.google.com/search?tbm=isch&q=F81+kitap+kapa%C4%9F%C4%B1,"54,57 ₺",Yargı Yayınları,Matematik,Konu Anlatım
F82,Tüm Adaylar İçin Taktiklerle Geometri Konu Anlatımlı Soru Bankası Yargı Yayınları İlyas Güneş,https://www.google.com/search?tbm=isch&q=F82+kitap+kapa%C4%9F%C4%B1,"54,17 ₺",Yargı Yayınları,Matematik,Konu Anlatım
F83,Tüm Adaylar İçin Taktiklerle Rasyonel Sayılar Konu Anlatımlı Soru Bankası Yargı Yayınları,https://www.google.com/search?tbm=isch&q=F83+kitap+kapa%C4%9F%C4%B1,"40,61 ₺",Yargı Yayınları,Diğer,Konu Anlatım
F84,Tüm Adaylar İçin Taktiklerle Temel Matematik Konu Anlatımlı Soru Bankası Yargı Yayınları İlyas Güneş,https://www.google.com/search?tbm=isch&q=F84+kitap+kapa%C4%9F%C4%B1,"59,79 ₺",Yargı Yayınları,Matematik,Konu Anlatım
F85,Tüm Adaylar İçin Taktiklerle Çarpanlara Ayırma Konu Anlatımlı Soru Bankası Yargı Yayınları,https://www.google.com/search?tbm=isch&q=F85+kitap+kapa%C4%9F%C4%B1,"45,92 ₺",Yargı Yayınları,Diğer,Konu Anlatım
F86,Tüm Adaylar İçin Taktiklerle Üslü Köklü Sayılar Konu Anlatımlı Soru Bankası Yargı Yayınları,https://www.google.com/search?tbm=isch&q=F86+kitap+kapa%C4%9F%C4%B1,"31,64 ₺",Yargı Yayınları,Diğer,Konu Anlatım
F87,YEDİ ADIMDA TEMELDEN ZİRVEYE GEOMETRİ YEDİİKLİM YAYINLARI,https://www.google.com/search?tbm=isch&q=F87+kitap+kapa%C4%9F%C4%B1,"68,05 ₺",Muba Yayınları,Matematik,Diğer
F88,YEDİ TEMEL ADIMDA MATEMATİK MEHMET BİLGE YILDIZ,https://www.google.com/search?tbm=isch&q=F88+kitap+kapa%C4%9F%C4%B1,"69,86 ₺",Diğer,Diğer,Diğer
F89,YKS TYT MSÜ KPSS Problemlerin İlacı Tamamı Çözümlü Testler Acil Yayınları,https://www.google.com/search?tbm=isch&q=F89+kitap+kapa%C4%9F%C4%B1,"54,77 ₺",Acil Yayınları,Matematik,Diğer
F90,Yedi Adımda Temelden Zirveye Sayısal Mantık Video Konu Anlatımlı Video Çözümlü Soru Bankası Yediiklim Yayınları,https://www.google.com/search?tbm=isch&q=F90+kitap+kapa%C4%9F%C4%B1,"48,93 ₺",Yediiklim Yayınları,Diğer,Konu Anlatım
F91,Yediiklim Yayınları 2025 Atölye Serisi KPSS Genel Yetenek Matematik Tamamı Video Çözümlü Soru Bankası Yediiklim Yayınları,https://www.google.com/search?tbm=isch&q=F91+kitap+kapa%C4%9F%C4%B1,"67,43 ₺",Yediiklim Yayınları,Matematik,Soru Bankası
F92,20 li Paragraf Deneme Üç Dört Beş Yayınları,https://www.google.com/search?tbm=isch&q=F92+kitap+kapa%C4%9F%C4%B1,"68,24 ₺",Beş Yayınları,Paragraf,Deneme
F93,2025 KPSS MEB-AGS ALES DGS TYT Aktüel Paragraf Soru Bankası Çözümlü İndeks Akademi Yayıncılık,https://www.google.com/search?tbm=isch&q=F93+kitap+kapa%C4%9F%C4%B1,"56,32 ₺",İndeks Akademi,Paragraf,Soru Bankası
F94,2025 TYT Paragraf Sıfır Risk Soru Bankası Video Çözümlü Üç Dört Beş Yayınları,https://www.google.com/search?tbm=isch&q=F94+kitap+kapa%C4%9F%C4%B1,"107,23 ₺",Beş Yayınları,Paragraf,Soru Bankası
F95,2025 Tüm Adaylar İçin Paragrafı Kafala Soru Bankası Çözümlü Hoca Kafası Yayınları,https://www.google.com/search?tbm=isch&q=F95+kitap+kapa%C4%9F%C4%B1,"62,64 ₺",Hoca Kafası Yayınları,Paragraf,Soru Bankası
F96,2025 ÖSYM Soru Tipleriyle Paragrafın Ritmi Hamza Kaya,https://www.google.com/search?tbm=isch&q=F96+kitap+kapa%C4%9F%C4%B1,"108,69 ₺",Arı Yayınları,Paragraf,Diğer
F97,2026 AGS-KPSS-ALES-DGS Ezberbozan Paragraf Tamamı Video Çözümlü Soru Bankası Pegem Akademi Yayıncılık,https://www.google.com/search?tbm=isch&q=F97+kitap+kapa%C4%9F%C4%B1,"139,89 ₺",Pegem Akademi,Paragraf,Soru Bankası
F98,2026 Paragrafı Kafala Soru Bankası Çözümlü Öznur Saat Yıldırım Hoca Kafası Yayınları,https://www.google.com/search?tbm=isch&q=F98+kitap+kapa%C4%9F%C4%B1,"64,00 ₺",Hoca Kafası Yayınları,Paragraf,Soru Bankası
F99,2026 Soyut Paragraf Soru Bankası Çözümlü - Öznur Saat Yıldırım Hoca Kafası Yayınlar,https://www.google.com/search?tbm=isch&q=F99+kitap+kapa%C4%9F%C4%B1,"41,47 ₺",Hoca Kafası Yayınları,Paragraf,Soru Bankası
F100,2026 TYT Paragraf Sıfır Risk Soru Bankası Video Çözümlü Üç Dört Beş Yayınları,https://www.google.com/search?tbm=isch&q=F100+kitap+kapa%C4%9F%C4%B1,"109,07 ₺",Beş Yayınları,Paragraf,Soru Bankası
F101,2026 TYT- AYT- DGS- ALES- KPSS- MSÜ Parla Paragraf Soru Bankası Benim Hocam Yayınları,https://www.google.com/search?tbm=isch&q=F101+kitap+kapa%C4%9F%C4%B1,"109,60 ₺",Benim Hocam Yayınları,Paragraf,Soru Bankası
F102,AGS KPSS ALES DGS Tüm Adaylar İçin Paragraf Tamamı PDF Çözümlü Tüm Paragraf Soruları Çıkmış Sorular Yediiklim Yayınları,https://www.google.com/search?tbm=isch&q=F102+kitap+kapa%C4%9F%C4%B1,"80,44 ₺",Yediiklim Yayınları,Paragraf,Çıkmış Sorular
F103,Aker Kartal Tüm Sınavlar İçin Paragraf Soru Bankası Retro Yayıncılık,https://www.google.com/search?tbm=isch&q=F103+kitap+kapa%C4%9F%C4%B1,"72,79 ₺",Retro Yayıncılık,Paragraf,Soru Bankası
F104,EZBERBOZAN PARAGRAF 1730 SORU,https://www.google.com/search?tbm=isch&q=F104+kitap+kapa%C4%9F%C4%B1,"137,67 ₺",Diğer,Paragraf,Diğer
F105,Ezberbozan KPSS ALES DGS Paragraf 20 Deneme Pegem Akademi Yayıncılık,https://www.google.com/search?tbm=isch&q=F105+kitap+kapa%C4%9F%C4%B1,"40,46 ₺",Pegem Akademi,Paragraf,Deneme
F106,Kral Serisi Benzersiz Paragraf 10x20 Deneme Benzersiz Akademi Yayınları,https://www.google.com/search?tbm=isch&q=F106+kitap+kapa%C4%9F%C4%B1,"28,51 ₺",Benzersiz Yayınları,Paragraf,Deneme
F107,Kral Serisi Benzersiz Paragraf Soru Bankası Benzersiz Akademi Yayınları,https://www.google.com/search?tbm=isch&q=F107+kitap+kapa%C4%9F%C4%B1,"41,37 ₺",Benzersiz Yayınları,Paragraf,Soru Bankası
F108,Paragraf Soru Bankası,https://www.google.com/search?tbm=isch&q=F108+kitap+kapa%C4%9F%C4%B1,"75,80 ₺",Diğer,Paragraf,Soru Bankası
F109,Paragraf Sıfır Risk,https://www.google.com/search?tbm=isch&q=F109+kitap+kapa%C4%9F%C4%B1,"110,05 ₺",Diğer,Paragraf,Diğer
F110,TAKTİKLERLE PARARAF SORU BANKASI,https://www.google.com/search?tbm=isch&q=F110+kitap+kapa%C4%9F%C4%B1,"67,65 ₺",Diğer,Diğer,Diğer
F111,Tüm Adaylar İçin Paragraf Tamamı Video Çözümlü 20 Deneme Yediiklim Yayınları,https://www.google.com/search?tbm=isch&q=F111+kitap+kapa%C4%9F%C4%B1,"46,15 ₺",Yediiklim Yayınları,Paragraf,Deneme
F112,Tüm Adaylar İçin Taktiklerle Paragraf Tamamı Video Çözümlü 15 Deneme Benim Hocam Yayınları,https://www.google.com/search?tbm=isch&q=F112+kitap+kapa%C4%9F%C4%B1,"53,92 ₺",Benim Hocam Yayınları,Paragraf,Deneme
F113,Zümrüt Paragraf 10x20 Deneme Benzersiz Akademi Yayınları,https://www.google.com/search?tbm=isch&q=F113+kitap+kapa%C4%9F%C4%B1,"28,24 ₺",Benzersiz Yayınları,Paragraf,Deneme
F114,2025 KPSS AGS Haritalarla Tarih Konu Anlatımlı,https://www.google.com/search?tbm=isch&q=F114+kitap+kapa%C4%9F%C4%B1,"60,29 ₺",Diğer,Tarih,Konu Anlatım
F115,2025 KPSS Tarihin Algoritması Soru Bankası Çözümlü İndeks Akademi,https://www.google.com/search?tbm=isch&q=F115+kitap+kapa%C4%9F%C4%B1,"90,44 ₺",İndeks Akademi,Tarih,Soru Bankası
F116,2025 MEB AGS KPSS YKS Hafıza Teknikleri İle Tarih-1 Mehmet Eğit,https://www.google.com/search?tbm=isch&q=F116+kitap+kapa%C4%9F%C4%B1,"57,93 ₺",Eğit Akademi,Tarih,Diğer
F117,2025 MEB-AGS Tarih Soru Bankası Çözümlü Benim Hocam Yayınları,https://www.google.com/search?tbm=isch&q=F117+kitap+kapa%C4%9F%C4%B1,"73,87 ₺",Benim Hocam Yayınları,Tarih,Soru Bankası
F118,2025 MEB-AGS Tarihin Pusulası Soru Bankası Çözümlü İsmail Adıgüzel CBA Yayınları,https://www.google.com/search?tbm=isch&q=F118+kitap+kapa%C4%9F%C4%B1,"88,35 ₺",CBA Yayınları,Tarih,Soru Bankası
F119,2026 KPSS AGS Tarih Tamamı Çözümlü Soru Bankası Benim Hocam Yayınları,https://www.google.com/search?tbm=isch&q=F119+kitap+kapa%C4%9F%C4%B1,"77,95 ₺",Benim Hocam Yayınları,Tarih,Soru Bankası
F120,2026 KPSS Genel Kültür Tamamı Çözümlü Tarih 22 Deneme (Günay Göktaş) Yargı Yayınları,https://www.google.com/search?tbm=isch&q=F120+kitap+kapa%C4%9F%C4%B1,"55,51 ₺",Yargı Yayınları,Tarih,Deneme
F121,2026 KPSS Genel Kültür Tarih Soru Bankası Retro Yayıncılık,https://www.google.com/search?tbm=isch&q=F121+kitap+kapa%C4%9F%C4%B1,"87,22 ₺",Retro Yayıncılık,Tarih,Soru Bankası
F122,2026 KPSS Genel Yetenek Genel Kültür Ezberbozan Tarih Tamamı Video Çözümlü Soru Bankası Pegem Akademi Yayıncılık,https://www.google.com/search?tbm=isch&q=F122+kitap+kapa%C4%9F%C4%B1,"99,44 ₺",Pegem Akademi,Tarih,Soru Bankası
F123,2026 KPSS Lise Ortaöğretim Ön Lisans Soru Bankası Çözümlü Modüler TARİH Yediiklim Yayınları,https://www.google.com/search?tbm=isch&q=F123+kitap+kapa%C4%9F%C4%B1,"39,03 ₺",Yediiklim Yayınları,Diğer,Soru Bankası
F124,2026 KPSS MEB-AGS EKYS EKPSS TYT AYT MSÜ Tarih Çıkmış Sorular Çözümlü Dizgi Kitap,https://www.google.com/search?tbm=isch&q=F124+kitap+kapa%C4%9F%C4%B1,"87,62 ₺",Dizgi Kitap,Tarih,Çıkmış Sorular
F125,2026 KPSS MEB-AGS Tarih Haritalarla Konu Anlatımı Benim Hocam Yayınları,https://www.google.com/search?tbm=isch&q=F125+kitap+kapa%C4%9F%C4%B1,"60,84 ₺",Benim Hocam Yayınları,Tarih,Konu Anlatım
F126,2026 KPSS Ortaöğretim Ön Lisans Genel Kültür Tarih Tamamı Çözümlü 14 Deneme Yediiklim Yayınları,https://www.google.com/search?tbm=isch&q=F126+kitap+kapa%C4%9F%C4%B1,"39,43 ₺",Yediiklim Yayınları,Tarih,Deneme
F127,2026 KPSS Ortaöğretim-Önlisans Tarih Konularına Göre Çıkmış Sorular(2024 soruları dahil) Yediiklim Yayınları,https://www.google.com/search?tbm=isch&q=F127+kitap+kapa%C4%9F%C4%B1,"47,62 ₺",Yediiklim Yayınları,Tarih,Çıkmış Sorular
F128,2026 KPSS Tarih Akademisi Video Ders Notları Aydın Yüce İndeks Akademi Yayıncılık,https://www.google.com/search?tbm=isch&q=F128+kitap+kapa%C4%9F%C4%B1,"67,40 ₺",İndeks Akademi,Tarih,Video Ders Notu
F129,2026 KPSS Tarih Algoritma Soru Bankası Çözümlü Aydın Yüce İndeks Akademi Yayıncılık,https://www.google.com/search?tbm=isch&q=F129+kitap+kapa%C4%9F%C4%B1,"96,78 ₺",İndeks Akademi,Tarih,Soru Bankası
F130,2026 KPSS Tarih Atölye Soru Bankası Çözümlü - Ahmet Uğur Karakuza Yediiklim Yayınları,https://www.google.com/search?tbm=isch&q=F130+kitap+kapa%C4%9F%C4%B1,"70,16 ₺",Yediiklim Yayınları,Tarih,Soru Bankası
F131,2026 KPSS Tarih Atölye Video Ders Notları Ahmet Uğur Karakuza Yediiklim Yayınları,https://www.google.com/search?tbm=isch&q=F131+kitap+kapa%C4%9F%C4%B1,"77,61 ₺",Yediiklim Yayınları,Tarih,Video Ders Notu
F132,2026 KPSS Tarih Ders Notları Benim Hocam Yayınları,https://www.google.com/search?tbm=isch&q=F132+kitap+kapa%C4%9F%C4%B1,"60,37 ₺",Benim Hocam Yayınları,Tarih,Ders Notu
F133,2026 KPSS Tarih Soru Bankası Çözümlü Günay Göktaş Yargı Yayınları,https://www.google.com/search?tbm=isch&q=F133+kitap+kapa%C4%9F%C4%B1,"96,60 ₺",Yargı Yayınları,Tarih,Soru Bankası
F134,2026 KPSS Tarih Tamamı Çözümlü Soru Bankası Benim Hocam Yayınları,https://www.google.com/search?tbm=isch&q=F134+kitap+kapa%C4%9F%C4%B1,"98,07 ₺",Benim Hocam Yayınları,Tarih,Soru Bankası
F135,2026 KPSS Tarih Zeynep Kara Not (TAM BOY ALMANIZ ÖNERİLİR),https://www.google.com/search?tbm=isch&q=F135+kitap+kapa%C4%9F%C4%B1,"10,81 ₺",Diğer,Tarih,Diğer
F136,2026 KPSS Tarihin Pusulası Soru Bankası Çözümlü İsmail Adıgüzel CBA Yayınları,https://www.google.com/search?tbm=isch&q=F136+kitap+kapa%C4%9F%C4%B1,"85,08 ₺",CBA Yayınları,Tarih,Soru Bankası
F137,2026 KPSS Tüm Adaylar İçin Tarih 30 Deneme Tamamı Çözümlü Pegem Yayınları,https://www.google.com/search?tbm=isch&q=F137+kitap+kapa%C4%9F%C4%B1,"30,19 ₺",Pegem Akademi,Tarih,Deneme
F138,2026 KPSS-AGS Genel Kültür Tarih Soru Dünyası Yediiklim Yayınları,https://www.google.com/search?tbm=isch&q=F138+kitap+kapa%C4%9F%C4%B1,"98,78 ₺",Yediiklim Yayınları,Tarih,Diğer
F139,Benim Hocam Yayınları 2025 KPSS Tarih Soru Bankası Çözümlü,https://www.google.com/search?tbm=isch&q=F139+kitap+kapa%C4%9F%C4%B1,"88,56 ₺",Benim Hocam Yayınları,Tarih,Soru Bankası
F140,Benim Hocam Yayınları 2025 KPSS Tarih Tamamı Çözümlü 6+5+7 Deneme,https://www.google.com/search?tbm=isch&q=F140+kitap+kapa%C4%9F%C4%B1,"31,04 ₺",Benim Hocam Yayınları,Tarih,Deneme
F141,Benim Hocam Yayınları 2025 KPSS Tarih Video Ders Notları,https://www.google.com/search?tbm=isch&q=F141+kitap+kapa%C4%9F%C4%B1,"48,91 ₺",Benim Hocam Yayınları,Tarih,Video Ders Notu
F142,KPSS TYT AYT Tarih Yorum Sizin Soru Bankası Çözümlü İndeks Akademi Yayıncılık,https://www.google.com/search?tbm=isch&q=F142+kitap+kapa%C4%9F%C4%B1,"32,08 ₺",İndeks Akademi,Tarih,Soru Bankası
F143,TARİH 2026 KPSS Genel Yetenek Genel Kültür Soru Bankası Modüler Çözümlü Pegem Akademi Yayınları,https://www.google.com/search?tbm=isch&q=F143+kitap+kapa%C4%9F%C4%B1,"66,30 ₺",Pegem Akademi,GK-GY,Soru Bankası
F144,TARİH 2026 KPSS Lise Ön Lisans GK-GY Tüm Dersler Tamamı Çözümlü Modüler Soru Bankası Yargı Yayınları,https://www.google.com/search?tbm=isch&q=F144+kitap+kapa%C4%9F%C4%B1,"67,90 ₺",Yargı Yayınları,Diğer,Soru Bankası
F145,TARİHİN PUSULASI TAMAMI AYRINTILI ÇÖZÜMLÜ SORU BANKASI (İSMAİL ADIGÜZEL),https://www.google.com/search?tbm=isch&q=F145+kitap+kapa%C4%9F%C4%B1,"85,29 ₺",Diğer,Diğer,Diğer
F146,Ön Lisans KPSS Tarih Tamamı Çözümlü Soru Bankası Pegem Akademi,https://www.google.com/search?tbm=isch&q=F146+kitap+kapa%C4%9F%C4%B1,"75,12 ₺",Pegem Akademi,Tarih,Soru Bankası
F147,2025 KPSS Model Aker Kartal Türkçe Soru Bankası Retro Yayıncılık,https://www.google.com/search?tbm=isch&q=F147+kitap+kapa%C4%9F%C4%B1,"75,52 ₺",Retro Yayıncılık,Türkçe,Soru Bankası
F148,2025 MEB-AGS Sözel Yetenek Soru Bankası Çözümlü Benim Hocam Yayınları,https://www.google.com/search?tbm=isch&q=F148+kitap+kapa%C4%9F%C4%B1,"68,67 ₺",Benim Hocam Yayınları,Diğer,Soru Bankası
F149,2025 Model Aker Kartal Türkçe Ders Notları Retro Yayıncılık,https://www.google.com/search?tbm=isch&q=F149+kitap+kapa%C4%9F%C4%B1,"29,73 ₺",Retro Yayıncılık,Türkçe,Ders Notu
F150,2025 Tüm Adaylar İçin Dil Bilgisini Kafala Soru Bankası Çözümlü Hoca Kafası Yayınları,https://www.google.com/search?tbm=isch&q=F150+kitap+kapa%C4%9F%C4%B1,"72,55 ₺",Hoca Kafası Yayınları,Türkçe,Soru Bankası
F151,2026 AGS KPSS ALES DGS Sözel Mantık Tamamı Çözümlü Çıkmış Sorular Yediiklim,https://www.google.com/search?tbm=isch&q=F151+kitap+kapa%C4%9F%C4%B1,"43,65 ₺",Yediiklim Yayınları,Türkçe,Çıkmış Sorular
F152,2026 Dil Bilgisini Kafala Soru Bankası Çözümlü - Öznur Saat Yıldırım Hoca Kafası Yayınları,https://www.google.com/search?tbm=isch&q=F152+kitap+kapa%C4%9F%C4%B1,"73,65 ₺",Hoca Kafası Yayınları,Türkçe,Soru Bankası
F153,2026 KPSS Genel Yetenek Genel Kültür Ezberbozan Türkçe Tamamı Video Çözümlü Soru Bankası Pegem Yayınları,https://www.google.com/search?tbm=isch&q=F153+kitap+kapa%C4%9F%C4%B1,"89,62 ₺",Pegem Akademi,Türkçe,Soru Bankası
F154,2026 KPSS Genel Yetenek Tamamı Çözümlü Türkçe 22 Deneme (Yelda Ünal) Yargı Yayınları,https://www.google.com/search?tbm=isch&q=F154+kitap+kapa%C4%9F%C4%B1,"97,48 ₺",Yargı Yayınları,Türkçe,Deneme
F155,2026 KPSS Genel Yetenek Türkçe 15'li Deneme Retro Yayıncılık,https://www.google.com/search?tbm=isch&q=F155+kitap+kapa%C4%9F%C4%B1,"31,83 ₺",Retro Yayıncılık,Türkçe,Deneme
F156,2026 KPSS Genel Yetenek Türkçe Soru Dünyası Yediiklim Yayınları,https://www.google.com/search?tbm=isch&q=F156+kitap+kapa%C4%9F%C4%B1,"69,18 ₺",Yediiklim Yayınları,Türkçe,Diğer
F157,2026 KPSS Genel Yetenek Türkçe Tamamı Çözümlü 22 Deneme Sınavı Yediiklim Yayınları,https://www.google.com/search?tbm=isch&q=F157+kitap+kapa%C4%9F%C4%B1,"90,36 ₺",Yediiklim Yayınları,Türkçe,Deneme
F158,2026 KPSS Lise Ortaöğretim Ön Lisans Soru Bankası Çözümlü Modüler TÜRKÇE Yediiklim Yayınları,https://www.google.com/search?tbm=isch&q=F158+kitap+kapa%C4%9F%C4%B1,"50,54 ₺",Yediiklim Yayınları,Türkçe,Soru Bankası
F159,2026 KPSS Tüm Adaylar İçin Türkçe 30 Deneme Tamamı Çözümlü Pegem Yayınları,https://www.google.com/search?tbm=isch&q=F159+kitap+kapa%C4%9F%C4%B1,"60,04 ₺",Pegem Akademi,Türkçe,Deneme
F160,2026 KPSS Türkçe Atölye Soru Bankası Çözümlü - Yusuf Bayraktar Yediiklim Yayınları,https://www.google.com/search?tbm=isch&q=F160+kitap+kapa%C4%9F%C4%B1,"69,03 ₺",Yediiklim Yayınları,Türkçe,Soru Bankası
F161,2026 KPSS Türkçe Ders Notları Benim Hocam Yayınları,https://www.google.com/search?tbm=isch&q=F161+kitap+kapa%C4%9F%C4%B1,"68,45 ₺",Benim Hocam Yayınları,Türkçe,Ders Notu
F162,2026 KPSS Türkçe Soru Bankası Çözümlü - Öznur Saat Yıldırım Hoca Kafası Yayınları,https://www.google.com/search?tbm=isch&q=F162+kitap+kapa%C4%9F%C4%B1,"57,85 ₺",Hoca Kafası Yayınları,Türkçe,Soru Bankası
F163,2026 KPSS Türkçe Soru Bankası Çözümlü Yelda Ünal Yargı Yayınları,https://www.google.com/search?tbm=isch&q=F163+kitap+kapa%C4%9F%C4%B1,"123,83 ₺",Yargı Yayınları,Türkçe,Soru Bankası
F164,2026 KPSS Türkçe Tamamı Video Çözümlü Soru Bankası Benim Hocam Yayınları,https://www.google.com/search?tbm=isch&q=F164+kitap+kapa%C4%9F%C4%B1,"96,97 ₺",Benim Hocam Yayınları,Türkçe,Soru Bankası
F165,2026 KPSS Türkçe Video Ders Notları Öznur Saat Yıldırım Hoca Kafası Yayınları,https://www.google.com/search?tbm=isch&q=F165+kitap+kapa%C4%9F%C4%B1,"75,53 ₺",Hoca Kafası Yayınları,Türkçe,Video Ders Notu
F166,2026 TYT- KPSS- MSÜ Parla Dil Bilgisi Konu Özetli Soru Bankası Benim Hocam Yayınları,https://www.google.com/search?tbm=isch&q=F166+kitap+kapa%C4%9F%C4%B1,"78,53 ₺",Benim Hocam Yayınları,Türkçe,Soru Bankası
F167,2026 Tüm ÖSYM Sınavları için Sözel Mantık Özgün 400 Soru Bankası Aker Kartal Retro Yayıncılık,https://www.google.com/search?tbm=isch&q=F167+kitap+kapa%C4%9F%C4%B1,"57,73 ₺",Retro Yayıncılık,Türkçe,Soru Bankası
F168,AKER HOCA'DAN MANTIKLI SORULAR SÖZEL MANTIK TAMAMI ÇÖZÜMLÜ,https://www.google.com/search?tbm=isch&q=F168+kitap+kapa%C4%9F%C4%B1,"35,22 ₺",Diğer,Diğer,Diğer
F169,Aker Kartal ile 6 Günde Türkçe Soru Kampı Retro Yayıncılık,https://www.google.com/search?tbm=isch&q=F169+kitap+kapa%C4%9F%C4%B1,"29,79 ₺",Retro Yayıncılık,Türkçe,Diğer
F170,Benim Hocam Yayınları 2025 KPSS Türkçe Ders Notları,https://www.google.com/search?tbm=isch&q=F170+kitap+kapa%C4%9F%C4%B1,"61,51 ₺",Benim Hocam Yayınları,Türkçe,Ders Notu
F171,Benim Hocam Yayınları 2025 KPSS Türkçe Tamamı Video Çözümlü Soru Bankası,https://www.google.com/search?tbm=isch&q=F171+kitap+kapa%C4%9F%C4%B1,"93,93 ₺",Benim Hocam Yayınları,Türkçe,Soru Bankası
F172,TYT - KPSS Taktiklerle Dil Bilgisi Tamamı Video Çözümlü Soru Bankası Benim Hocam Yayınları,https://www.google.com/search?tbm=isch&q=F172+kitap+kapa%C4%9F%C4%B1,"62,83 ₺",Benim Hocam Yayınları,Türkçe,Soru Bankası
F173,TÜRKÇE 2026 KPSS Genel Yetenek Genel Kültür Soru Bankası Modüler Çözümlü Pegem Akademi Yayınları,https://www.google.com/search?tbm=isch&q=F173+kitap+kapa%C4%9F%C4%B1,"44,12 ₺",Pegem Akademi,Türkçe,Soru Bankası
F174,Yedi Adımda Temelden Zirveye Sözel Mantık Video Konu Anlatımlı Video Çözümlü Soru Bankası Yediiklim Yayınları,https://www.google.com/search?tbm=isch&q=F174+kitap+kapa%C4%9F%C4%B1,"43,88 ₺",Yediiklim Yayınları,Türkçe,Konu Anlatım
F175,Ön Lisans KPSS Türkçe Tamamı Çözümlü Soru Bankası Pegem Akademi,https://www.google.com/search?tbm=isch&q=F175+kitap+kapa%C4%9F%C4%B1,"45,75 ₺",Pegem Akademi,Türkçe,Soru Bankası
F176,2025 KPSS Vatandaşlık Vatandaşlığın Algoritması Soru Bankası Çözümlü İndeks Akademi Yayıncılık İndeks Akademi,https://www.google.com/search?tbm=isch&q=F176+kitap+kapa%C4%9F%C4%B1,"52,31 ₺",İndeks Akademi,Vatandaşlık,Soru Bankası
F177,2025 MEB AGS Ahenk Serisi Mevzuat Anayasa Tamamı Çözümlü Soru Bankası Yediiklim Yayınları,https://www.google.com/search?tbm=isch&q=F177+kitap+kapa%C4%9F%C4%B1,"27,88 ₺",Yediiklim Yayınları,Vatandaşlık,Soru Bankası
F178,2025 MEB AGS Akademisi Mevzuat Bilgisi Video Ders Notları İndeks Akademi Yayıncılık,https://www.google.com/search?tbm=isch&q=F178+kitap+kapa%C4%9F%C4%B1,"42,38 ₺",İndeks Akademi,Vatandaşlık,Video Ders Notu
F179,2025 MEB AGS Algoritması Mevzuat Bilgisi Soru Bankası Çözümlü İndeks Akademi Yayıncılık,https://www.google.com/search?tbm=isch&q=F179+kitap+kapa%C4%9F%C4%B1,"48,77 ₺",İndeks Akademi,Vatandaşlık,Soru Bankası
F180,2025 MEB AGS Eğitimin Temelleri ve Türk Milli Eğitim Sistemi ile Mevzuatı Soru Bankası Çözümlü Anka Serisi Yargı Yayınları,https://www.google.com/search?tbm=isch&q=F180+kitap+kapa%C4%9F%C4%B1,"69,23 ₺",Yargı Yayınları,Vatandaşlık,Soru Bankası
F181,2025 MEB AGS Mevzuat Bilgisi Soru Bankası Çözümlü Hoca Kafası Yayınları,https://www.google.com/search?tbm=isch&q=F181+kitap+kapa%C4%9F%C4%B1,"44,63 ₺",Hoca Kafası Yayınları,Vatandaşlık,Soru Bankası
F182,2025 MEB-AGS Mevzuat 40 Deneme Çözümlü Benim Hocam Yayınları,https://www.google.com/search?tbm=isch&q=F182+kitap+kapa%C4%9F%C4%B1,"36,73 ₺",Benim Hocam Yayınları,Vatandaşlık,Deneme
F183,2026 KPSS Genel Yetenek Vatandaşlık Soru Dünyası Yediiklim Yayınları,https://www.google.com/search?tbm=isch&q=F183+kitap+kapa%C4%9F%C4%B1,"36,87 ₺",Yediiklim Yayınları,Vatandaşlık,Diğer
F184,2026 KPSS Lise Ortaöğretim Ön Lisans Soru Bankası Çözümlü Modüler VATANDAŞLIK Yediiklim Yayınları,https://www.google.com/search?tbm=isch&q=F184+kitap+kapa%C4%9F%C4%B1,"34,98 ₺",Yediiklim Yayınları,Diğer,Soru Bankası
F185,2026 KPSS Ortaöğretim Ön Lisans Genel Kültür Vatandaşlık Tamamı Çözümlü Çıkmış Sorular(2024 soruları dahil) Yediiklim Yayınları,https://www.google.com/search?tbm=isch&q=F185+kitap+kapa%C4%9F%C4%B1,"22,92 ₺",Yediiklim Yayınları,Vatandaşlık,Çıkmış Sorular
F186,2026 KPSS Tüm Adaylar İçin Vatandaşlık 30 Deneme Tamamı Çözümlü Pegem Yayınları,https://www.google.com/search?tbm=isch&q=F186+kitap+kapa%C4%9F%C4%B1,"20,35 ₺",Pegem Akademi,Vatandaşlık,Deneme
F187,2026 KPSS Vatandaşlık 21 Deneme Çözümlü Esra Özkan Karaoğlu Hoca Kafası Yayınları,https://www.google.com/search?tbm=isch&q=F187+kitap+kapa%C4%9F%C4%B1,"17,40 ₺",Hoca Kafası Yayınları,Vatandaşlık,Deneme
F188,2026 KPSS Vatandaşlık Akademisi Video Ders Notları Emrah Vahap Özkaraca İndeks Akademi Yayıncılık,https://www.google.com/search?tbm=isch&q=F188+kitap+kapa%C4%9F%C4%B1,"46,69 ₺",İndeks Akademi,Vatandaşlık,Video Ders Notu
F189,2026 KPSS Vatandaşlık Algoritma Soru Bankası Çözümlü Emrah Vahap Özkaraca İndeks Akademi Yayıncılık,https://www.google.com/search?tbm=isch&q=F189+kitap+kapa%C4%9F%C4%B1,"54,84 ₺",İndeks Akademi,Vatandaşlık,Soru Bankası
F190,2026 KPSS Vatandaşlık Atölye Soru Bankası Çözümlü Yediiklim Yayınları,https://www.google.com/search?tbm=isch&q=F190+kitap+kapa%C4%9F%C4%B1,"40,33 ₺",Yediiklim Yayınları,Vatandaşlık,Soru Bankası
F191,2026 KPSS Vatandaşlık Ders Notları Benim Hocam Yayınları,https://www.google.com/search?tbm=isch&q=F191+kitap+kapa%C4%9F%C4%B1,"55,23 ₺",Benim Hocam Yayınları,Vatandaşlık,Ders Notu
F192,2026 KPSS Vatandaşlık Ezberbozan Soru Bankası Çözümlü Pegem Akademi Yayınları,https://www.google.com/search?tbm=isch&q=F192+kitap+kapa%C4%9F%C4%B1,"65,98 ₺",Pegem Akademi,Vatandaşlık,Soru Bankası
F193,2026 KPSS Vatandaşlık Pratiko Soru Cevap Çalışma Kitabı Hoca Kafası Yayınları,https://www.google.com/search?tbm=isch&q=F193+kitap+kapa%C4%9F%C4%B1,"23,05 ₺",Hoca Kafası Yayınları,Vatandaşlık,Diğer
F194,2026 KPSS Vatandaşlık Soru Bankası Çözümlü Esra Özkan Karaoğlu Hoca Kafası Yayınları,https://www.google.com/search?tbm=isch&q=F194+kitap+kapa%C4%9F%C4%B1,"38,21 ₺",Hoca Kafası Yayınları,Vatandaşlık,Soru Bankası
F195,2026 KPSS Vatandaşlık Soru Bankası Çözümlü Özgür Özkınık Yargı Yayınları,https://www.google.com/search?tbm=isch&q=F195+kitap+kapa%C4%9F%C4%B1,"82,00 ₺",Yargı Yayınları,Vatandaşlık,Soru Bankası
F196,2026 KPSS Vatandaşlık Tamamı Video Çözümlü Soru Bankası Benim Hocam Yayınları,https://www.google.com/search?tbm=isch&q=F196+kitap+kapa%C4%9F%C4%B1,"60,23 ₺",Benim Hocam Yayınları,Vatandaşlık,Soru Bankası
F197,2026 KPSS Vatandaşlık Video Ders Notları Esra Özkan Karaoğlu Hoca Kafası Yayınları,https://www.google.com/search?tbm=isch&q=F197+kitap+kapa%C4%9F%C4%B1,"51,29 ₺",Hoca Kafası Yayınları,Vatandaşlık,Video Ders Notu
F198,Benim Hocam Yayınları 2025 KPSS Vatandaşlık Tamamı Çözümlü Soru Bankası,https://www.google.com/search?tbm=isch&q=F198+kitap+kapa%C4%9F%C4%B1,"55,12 ₺",Benim Hocam Yayınları,Vatandaşlık,Soru Bankası
F199,VATANDAŞLIK 2026 KPSS Lise Ön Lisans GK-GY Tüm Dersler Tamamı Çözümlü Modüler Soru Bankası Yargı Yayınları,https://www.google.com/search?tbm=isch&q=F199+kitap+kapa%C4%9F%C4%B1,"52,87 ₺",Yargı Yayınları,Diğer,Soru Bankası
F200,Ön Lisans KPSS Vatandaşlık Tamamı Çözümlü Soru Bankası Pegem Akademi,https://www.google.com/search?tbm=isch&q=F200+kitap+kapa%C4%9F%C4%B1,"39,08 ₺",Pegem Akademi,Vatandaşlık,Soru Bankası
